{
    "AWSEBDockerrunVersion": "1",
    "Image": {
        "Name": "docker.io/allyhaas/backend-blog:latest4",
        "Update": "true"
    },
    "Ports": [
        {
            "ContainerPort": 8080
        }
    ],
    "Environment": [
        {
            "Name": "MONGODB_URI",
            "Value": "mongodb+srv://allyhaas:m1KUtCLOMnzLEPlr@cluster0.teklxhx.mongodb.net/"
        },
        {
            "Name": "AWS_ACCESS_KEY_ID",
            "Value": "AKIAR4YOMXDRFE64ES4U"
        },
        {
            "Name": "AWS_SECRET_ACCESS_KEY",
            "Value": "Q0MVNSowd4bEOnT/4WKQ0Ywf3oBw2s1ci+kTRkSO"
        },
        {
            "Name": "JWT_SECRET",
            "Value": "vthkmldfgveskrtmegkcHFFJS"
        }
    ]
}
